"","alias","Compartment","Mesocosm","Sample_type","Water_type","Time","Sampling_date","NA_ppm","group","adhP","aliA","badH","bamB","bamD","fadJ","fadN","gabD","mhpD","mhpE","phaZ","pobA","ppk","putA","soxY","soxZ"
"NS.1871.001.IDT_i7_108---IDT_i5_108.60-Mesocosm-6-2-Exp1-D28-Sed","60-Mesocosm-6-2-Exp1-D28-Sed","Sediments","Mesocosm_6","Carex","OSPW","D28","18-08-2021",52.3,"Sediments.Carex.OSPW.D28",88.505,19.83,43.823,328.524,80.814,96.742,155.875,157.755,32.292,14.509,49.338,30.199,249.569,136.46,33.818,18.225
"NS.1871.001.IDT_i7_109---IDT_i5_109.72-Mesocosm-12-2-Exp1-D28-Rhizo","72-Mesocosm-12-2-Exp1-D28-Rhizo","Rhizosphere","Mesocosm_12","Carex","OSPW","D28","18-08-2021",78.5,"Rhizosphere.Carex.OSPW.D28",46.475,11.333,20.483,160.995,37.427,56.404,74.65,78.804,15.285,7.225,32.591,20.898,130.992,76.93,21.886,9.046
"NS.1871.001.IDT_i7_110---IDT_i5_110.96-Mesocosm-12-2-Exp1-D42-Rhizo","96-Mesocosm-12-2-Exp1-D42-Rhizo","Rhizosphere","Mesocosm_12","Carex","OSPW","D42","01-09-2021",44.1,"Rhizosphere.Carex.OSPW.D42",65.537,15.446,24.574,187.474,55.277,67.767,96.809,116.775,20.298,9.985,39.495,32.034,174.568,99.142,30.095,14.785
"NS.1871.001.IDT_i7_111---IDT_i5_111.76-Mesocosm-2-2-Exp1-D42-Racine","76-Mesocosm-2-2-Exp1-D42-Racine","Roots","Mesocosm_2","Carex","OSPW","D42","01-09-2021",40.6,"Roots.Carex.OSPW.D42",9.368,2.46,3.408,32.506,9.793,14.198,25.785,24.27,2.647,2.602,10.596,5.964,42.57,20.107,6.433,3.832
"NS.1871.001.IDT_i7_120---IDT_i5_120.60-Mesocosm-6-2-Exp1-D28-Rhizo","60-Mesocosm-6-2-Exp1-D28-Rhizo","Rhizosphere","Mesocosm_6","Carex","OSPW","D28","18-08-2021",52.3,"Rhizosphere.Carex.OSPW.D28",56.4,12.96,25.008,181.442,47.953,53.184,92.066,105.696,20.352,10.656,30.864,20.304,154.944,91.825,19.584,9.072
"NS.1871.001.IDT_i7_121---IDT_i5_121.76-Mesocosm-2-2-Exp1-D42-Sed","76-Mesocosm-2-2-Exp1-D42-Sed","Sediments","Mesocosm_2","Carex","OSPW","D42","01-09-2021",40.6,"Sediments.Carex.OSPW.D42",69.474,12.192,33.394,251.021,59.383,74.353,123.519,116.216,25.189,12.639,40.253,29.137,200.019,95.827,22.457,14.032
"NS.1871.001.IDT_i7_123---IDT_i5_123.84-Mesocosm-6-2-Exp1-D42-Racine","84-Mesocosm-6-2-Exp1-D42-Racine","Roots","Mesocosm_6","Carex","OSPW","D42","01-09-2021",43.5,"Roots.Carex.OSPW.D42",19.776,5.28,7.92,53.952,20.736,23.808,39.36,55.104,5.568,5.376,19.104,16.608,100.126,46.655,10.704,8.4
"NS.1871.001.IDT_i7_132---IDT_i5_132.61-Mesocosm-7-1-Exp1-D28-Sed","61-Mesocosm-7-1-Exp1-D28-Sed","Sediments","Mesocosm_7","Carex","OSPW","D28","18-08-2021",44.3,"Sediments.Carex.OSPW.D28",87.045,16.179,30.926,241.484,59.527,78.295,118.964,121.548,26.697,12.555,40.932,32.656,189.809,108.011,27.563,13.8
"NS.1871.001.IDT_i7_133---IDT_i5_133.76-Mesocosm-2-2-Exp1-D42-Rhizo","76-Mesocosm-2-2-Exp1-D42-Rhizo","Rhizosphere","Mesocosm_2","Carex","OSPW","D42","01-09-2021",40.6,"Rhizosphere.Carex.OSPW.D42",36.704,9.362,14.818,120.838,33.48,38.502,59.892,60.512,12.338,7.626,20.212,13.764,107.88,47.864,15.438,5.394
"NS.1871.001.IDT_i7_134---IDT_i5_134.59-Mesocosm-6-1-Exp1-D28-Racine","59-Mesocosm-6-1-Exp1-D28-Racine","Roots","Mesocosm_6","Carex","OSPW","D28","18-08-2021",52.3,"Roots.Carex.OSPW.D28",4.687,1.054,1.526,17.327,11.329,6.11,6.736,11.056,2.635,2.845,4.319,2.844,21.598,11.219,2.633,1.107
"NS.1871.001.IDT_i7_135---IDT_i5_135.86-Mesocosm-7-2-Exp1-D42-Racine","86-Mesocosm-7-2-Exp1-D42-Racine","Roots","Mesocosm_7","Carex","OSPW","D42","01-09-2021",55.2,"Roots.Carex.OSPW.D42",9.316,2.049,5.59,26.64,10.808,9.88,30.243,36.26,2.748,2.701,7.549,4.283,43.33,32.943,5.359,4.942
"NS.1871.001.IDT_i7_144---IDT_i5_144.61-Mesocosm-7-1-Exp1-D28-Rhizo","61-Mesocosm-7-1-Exp1-D28-Rhizo","Rhizosphere","Mesocosm_7","Carex","OSPW","D28","18-08-2021",44.3,"Rhizosphere.Carex.OSPW.D28",75.839,15.736,26.353,224.057,55.066,75.972,116.736,123.708,18.049,11.342,43.18,31.389,202.707,106.001,24.807,11.741
"NS.1871.001.IDT_i7_145---IDT_i5_145.86-Mesocosm-7-2-Exp1-D42-Sed","86-Mesocosm-7-2-Exp1-D42-Sed","Sediments","Mesocosm_7","Carex","OSPW","D42","01-09-2021",55.2,"Sediments.Carex.OSPW.D42",115.341,21.744,45.067,387.714,101.682,124.348,205.476,211.876,37.689,16.977,71.207,46.649,336.562,177.199,44.216,20.658
"NS.1871.001.IDT_i7_146---IDT_i5_146.60-Mesocosm-6-2-Exp1-D28-Racine","60-Mesocosm-6-2-Exp1-D28-Racine","Roots","Mesocosm_6","Carex","OSPW","D28","18-08-2021",52.3,"Roots.Carex.OSPW.D28",6.401,2.02,0.86,18.338,3.31,7.517,9.967,12.584,1.589,1.247,2.707,4.251,22.245,6.875,4.166,2.92
"NS.1871.001.IDT_i7_147---IDT_i5_147.96-Mesocosm-12-2-Exp1-D42-Racine","96-Mesocosm-12-2-Exp1-D42-Racine","Roots","Mesocosm_12","Carex","OSPW","D42","01-09-2021",44.1,"Roots.Carex.OSPW.D42",10.092,2.862,3.172,36.678,7.542,13.582,27.572,32.264,4.736,2.341,5.877,3.692,46.626,25.496,6.972,5.776
"NS.1871.001.IDT_i7_156---IDT_i5_156.62-Mesocosm-7-2-Exp1-D28-Sed","62-Mesocosm-7-2-Exp1-D28-Sed","Sediments","Mesocosm_7","Carex","OSPW","D28","18-08-2021",44.3,"Sediments.Carex.OSPW.D28",59.002,10.864,28.426,200.462,51.737,71.403,83.853,111.662,20.465,9.832,36.189,22.898,149.539,108.889,19.998,10.676
"NS.1871.001.IDT_i7_157---IDT_i5_157.86-Mesocosm-7-2-Exp1-D42-Rhizo","86-Mesocosm-7-2-Exp1-D42-Rhizo","Rhizosphere","Mesocosm_7","Carex","OSPW","D42","01-09-2021",55.2,"Rhizosphere.Carex.OSPW.D42",61.887,16.366,28.322,184.191,49.392,64.19,108.192,108.486,15.484,9.016,38.318,21.903,168.511,92.022,27.44,14.21
"NS.1871.001.IDT_i7_158---IDT_i5_158.61-Mesocosm-7-1-Exp1-D28-Racine","61-Mesocosm-7-1-Exp1-D28-Racine","Roots","Mesocosm_7","Carex","OSPW","D28","18-08-2021",44.3,"Roots.Carex.OSPW.D28",10.211,1.988,2.214,28.562,11.838,13.195,24.134,30.239,2.982,4.565,8.629,5.694,49.091,23.725,4.293,2.713
"NS.1871.001.IDT_i7_168---IDT_i5_168.62-Mesocosm-7-2-Exp1-D28-Rhizo","62-Mesocosm-7-2-Exp1-D28-Rhizo","Rhizosphere","Mesocosm_7","Carex","OSPW","D28","18-08-2021",44.3,"Rhizosphere.Carex.OSPW.D28",86.467,19.382,35.457,292.665,81.403,99.731,141.877,155.833,25.258,19.804,55.642,37.664,249.439,136.765,35.539,18.488
"NS.1871.001.IDT_i7_169---IDT_i5_169.84-Mesocosm-6-2-Exp1-D42-Sed","84-Mesocosm-6-2-Exp1-D42-Sed","Sediments","Mesocosm_6","Carex","OSPW","D42","01-09-2021",43.5,"Sediments.Carex.OSPW.D42",31.655,4.64,12.367,121.29,26.955,38.014,58.85,59.296,7.172,7.912,15.151,14.218,83.764,48.53,9.463,5.071
"NS.1871.001.IDT_i7_170---IDT_i5_170.62-Mesocosm-7-2-Exp1-D28-Racine","62-Mesocosm-7-2-Exp1-D28-Racine","Roots","Mesocosm_7","Carex","OSPW","D28","18-08-2021",44.3,"Roots.Carex.OSPW.D28",8.189,2.613,1.17,31.274,10.569,12.44,21.683,33.183,1.95,3.12,6.279,8.189,65.039,31.468,6.357,3.783
"NS.1871.001.IDT_i7_180---IDT_i5_180.71-Mesocosm-12-1-Exp1-D28-Sed","71-Mesocosm-12-1-Exp1-D28-Sed","Sediments","Mesocosm_12","Carex","OSPW","D28","18-08-2021",78.5,"Sediments.Carex.OSPW.D28",77.44,15.92,39.365,272.445,69.551,87.784,132.915,131.873,20.2,14.05,50.424,28.73,205.975,121.049,29.283,11.949
"NS.1871.001.IDT_i7_181---IDT_i5_181.84-Mesocosm-6-2-Exp1-D42-Rhizo","84-Mesocosm-6-2-Exp1-D42-Rhizo","Rhizosphere","Mesocosm_6","Carex","OSPW","D42","01-09-2021",43.5,"Rhizosphere.Carex.OSPW.D42",42.402,5.876,19.13,141.169,35.655,51.999,68.817,88.77,8.768,6.024,23.993,18.748,130.016,65.251,14.55,8.091
"NS.1871.001.IDT_i7_182---IDT_i5_182.71-Mesocosm-12-1-Exp1-D28-Racine","71-Mesocosm-12-1-Exp1-D28-Racine","Roots","Mesocosm_12","Carex","OSPW","D28","18-08-2021",78.5,"Roots.Carex.OSPW.D28",10.764,2.184,2.392,30.732,10.452,21.164,27.196,29.432,4.472,4.212,9.932,6.864,53.248,27.872,8.06,4.784
"NS.1871.001.IDT_i7_192---IDT_i5_192.71-Mesocosm-12-1-Exp1-D28-Rhizo","71-Mesocosm-12-1-Exp1-D28-Rhizo","Rhizosphere","Mesocosm_12","Carex","OSPW","D28","18-08-2021",78.5,"Rhizosphere.Carex.OSPW.D28",108.76,27.499,47.758,392.609,92.142,123.829,196.629,194.131,37.074,17.744,68.687,51.49,307.332,180.171,45.527,21.718
"NS.1871.001.IDT_i7_46---IDT_i5_46.13-14Mesocosm-7-1-7-2-Exp1-D-0-Rhizo","13-14Mesocosm-7-1-7-2-Exp1-D-0-Rhizo","Rhizosphere","Mesocosm_7","Carex","OSPW","D-0","14-07-2021",0.4,"Rhizosphere.Carex.OSPW.D-0",101.947,41.014,58.418,356.991,70.654,151.761,151.866,242.125,33.83,20.812,85.243,47.443,259.181,176.404,44.234,19.995
"NS.1871.001.IDT_i7_58---IDT_i5_58.14-Mesocosm-7-2-Exp1-D-0-Sed","14-Mesocosm-7-2-Exp1-D-0-Sed","Sediments","Mesocosm_7","Carex","OSPW","D-0","14-07-2021",0.4,"Sediments.Carex.OSPW.D-0",98.386,34.708,52.516,368.102,67.865,144.656,157.311,193.592,33.816,19.788,71.436,46.686,256.038,171.958,39.16,20.201
"NS.1871.001.IDT_i7_70---IDT_i5_70.15-Mesocosm-8-1-Exp1-D-0-Sed","15-Mesocosm-8-1-Exp1-D-0-Sed","Sediments","Mesocosm_8","No_plant","Artificial_OSPW","D-0","14-07-2021",1.9,"Sediments.No_plant.Artificial_OSPW.D-0",91.095,25.581,44.735,294.364,68.856,96.034,139.582,152.544,21.323,11.576,51.289,37.367,232.514,125.557,32.125,16.501
"NS.1871.001.IDT_i7_97---IDT_i5_97.72-Mesocosm-12-2-Exp1-D28-Sed","72-Mesocosm-12-2-Exp1-D28-Sed","Sediments","Mesocosm_12","Carex","OSPW","D28","18-08-2021",78.5,"Sediments.Carex.OSPW.D28",109.623,20.959,43.821,345.886,78.267,111.114,153.882,162.766,35.539,14.321,55.636,36.587,274.007,144.643,38.671,19.834
"NS.1871.001.IDT_i7_98---IDT_i5_98.96-Mesocosm-12-2-Exp1-D42-Sed","96-Mesocosm-12-2-Exp1-D42-Sed","Sediments","Mesocosm_12","Carex","OSPW","D42","01-09-2021",44.1,"Sediments.Carex.OSPW.D42",68.495,17.322,26.316,227.87,59.561,66.297,111.139,122.386,23.414,11.332,37.74,28.365,189.037,101.996,24.399,15.218
"NS.1871.001.IDT_i7_99---IDT_i5_99.72-Mesocosm-12-2-Exp1-D28-Racine","72-Mesocosm-12-2-Exp1-D28-Racine","Roots","Mesocosm_12","Carex","OSPW","D28","18-08-2021",78.5,"Roots.Carex.OSPW.D28",29.807,5.728,8.552,89.001,37.738,52.346,61.977,88.421,11.459,7.887,33.377,23.539,139.063,80.781,20.556,12.212
"NS.1871.002.IDT_i7_1---IDT_i5_1.99-Mesocosm-2-1-Exp1-TEST-Sed","99-Mesocosm-2-1-Exp1-TEST-Sed","Sediments","Mesocosm_2","Carex","OSPW","D84","13-10-2021",21.6,"Sediments.Carex.OSPW.D84",114.907,23.828,47.974,386.214,88.866,133.012,177.202,192.97,31.821,19.652,67.684,42.719,306.979,175.458,45.539,24.875
"NS.1871.002.IDT_i7_10---IDT_i5_10.11-12Mesocosm-6-1-6-2-Exp1-D-0-Rhizo","11-12Mesocosm-6-1-6-2-Exp1-D-0-Rhizo","Rhizosphere","Mesocosm_6","Carex","OSPW","D-0","14-07-2021",1,"Rhizosphere.Carex.OSPW.D-0",79.394,19.005,36.801,274.64,63.234,89.943,126.272,143.043,23.23,12.782,47.71,36.372,207.933,122.121,27.402,12.776
"NS.1871.002.IDT_i7_100---IDT_i5_100.38-Mesocosm-7-2-Exp1-D8-Rhizo","38-Mesocosm-7-2-Exp1-D8-Rhizo","Rhizosphere","Mesocosm_7","Carex","OSPW","D8","29-07-2021",112.6,"Rhizosphere.Carex.OSPW.D8",67.154,13.434,27.158,221.465,54.581,72.233,95.018,114.592,21.488,11.033,40.534,27.146,168.874,91.373,23.079,10.748
"NS.1871.002.IDT_i7_101---IDT_i5_101.46-Mesocosm-11-2-Exp1-D8-Sed","46-Mesocosm-11-2-Exp1-D8-Sed","Sediments","Mesocosm_11","No_plant","Artificial_OSPW","D8","29-07-2021",0.8,"Sediments.No_plant.Artificial_OSPW.D8",122.205,28.718,56.019,402.292,105.84,121.885,208.688,191.318,34.941,14.722,62.228,51.575,303.673,156.011,38.554,22.14
"NS.1871.002.IDT_i7_102---IDT_i5_102.51-Mesocosm-2-1-Exp1-D28-Sed","51-Mesocosm-2-1-Exp1-D28-Sed","Sediments","Mesocosm_2","Carex","OSPW","D28","18-08-2021",59.8,"Sediments.Carex.OSPW.D28",89.677,19.302,36.664,326.515,82.196,111.788,147.7,151.273,27.45,19.79,57.611,37.33,252.488,146.749,33.795,18.547
"NS.1871.002.IDT_i7_103---IDT_i5_103.57-Mesocosm-5-1-Exp1-D28-Sed","57-Mesocosm-5-1-Exp1-D28-Sed","Sediments","Mesocosm_5","No_plant","Artificial_OSPW","D28","18-08-2021",0.4,"Sediments.No_plant.Artificial_OSPW.D28",72.542,13.446,31.584,230.972,62.575,77.988,121.871,114.353,23.016,12.728,41.832,27.084,184.823,102.054,23.691,10.05
"NS.1871.002.IDT_i7_104---IDT_i5_104.69-Mesocosm-11-1-Exp1-D28-Sed","69-Mesocosm-11-1-Exp1-D28-Sed","Sediments","Mesocosm_11","No_plant","Artificial_OSPW","D28","18-08-2021",0.4,"Sediments.No_plant.Artificial_OSPW.D28",192.889,40.786,82.405,610.848,140.151,184.075,309.027,289.245,56.047,28.666,93.905,77.681,492.227,229.451,59.941,30.805
"NS.1871.002.IDT_i7_105---IDT_i5_105.28-Mesocosm-2-2-Exp1-D8-Racine","28-Mesocosm-2-2-Exp1-D8-Racine","Roots","Mesocosm_2","Carex","OSPW","D8","29-07-2021",74.8,"Roots.Carex.OSPW.D8",6.732,0.42,3.733,42.906,10.778,15.3,27.133,28.445,2.998,3.997,12.568,6.677,42.323,19.451,7.52,6.26
"NS.1871.002.IDT_i7_106---IDT_i5_106.95-Mesocosm-12-1-Exp1-D42-Rhizo","95-Mesocosm-12-1-Exp1-D42-Rhizo","Rhizosphere","Mesocosm_12","Carex","OSPW","D42","01-09-2021",44.1,"Rhizosphere.Carex.OSPW.D42",76.291,18.116,33.06,244.391,60.794,75.553,125.594,137.433,17.554,12.108,46.06,29.017,224.447,104.53,23.153,10.807
"NS.1871.002.IDT_i7_107---IDT_i5_107.108-Mesocosm-6-2-Exp1-TEST-Racine","108-Mesocosm-6-2-Exp1-TEST-Racine","Roots","Mesocosm_6","Carex","OSPW","D84","13-10-2021",13.1,"Roots.Carex.OSPW.D84",11.693,2.427,4.417,34.201,7.972,15.666,21.173,23.91,3.61,3.932,8.782,6.678,38.347,25.576,5.543,3.283
"NS.1871.002.IDT_i7_109---IDT_i5_109.23-Mesocosm-12-1-Exp1-D-0-Sed","23-Mesocosm-12-1-Exp1-D-0-Sed","Sediments","Mesocosm_12","Carex","OSPW","D-0","14-07-2021",0.7,"Sediments.Carex.OSPW.D-0",65.09,14.814,27.251,215.422,48.368,63.851,103.928,106.69,18.248,7.381,33.971,26.916,166.461,85.435,21.583,11.584
"NS.1871.002.IDT_i7_11---IDT_i5_11.18-Mesocosm-9-2-Exp1-D-0-Sed","18-Mesocosm-9-2-Exp1-D-0-Sed","Sediments","Mesocosm_9","No_plant","OSPW","D-0","14-07-2021",1,"Sediments.No_plant.OSPW.D-0",81.239,23.584,42.378,267.306,68.405,93.065,129.491,149.725,22.281,10.867,52.346,34.954,231.788,119.369,23.909,11.839
"NS.1871.002.IDT_i7_110---IDT_i5_110.28-Mesocosm-2-2-Exp1-D8-Rhizo","28-Mesocosm-2-2-Exp1-D8-Rhizo","Rhizosphere","Mesocosm_2","Carex","OSPW","D8","29-07-2021",74.8,"Rhizosphere.Carex.OSPW.D8",92.987,21.331,46.319,327.279,79.118,103.77,163.4,162.236,33.054,16.133,60.602,41.781,250.309,144.24,34.021,14.671
"NS.1871.002.IDT_i7_111---IDT_i5_111.35-Mesocosm-6-1-Exp1-D8-Rhizo","35-Mesocosm-6-1-Exp1-D8-Rhizo","Rhizosphere","Mesocosm_6","Carex","OSPW","D8","29-07-2021",68.3,"Rhizosphere.Carex.OSPW.D8",28.356,6.936,15.776,116.483,23.936,33.592,55.215,61.471,8.364,5.712,16.999,14.552,94.52,47.804,8.772,6.392
"NS.1871.002.IDT_i7_112---IDT_i5_112.39-Mesocosm-8-1-Exp1-D8-Sed","39-Mesocosm-8-1-Exp1-D8-Sed","Sediments","Mesocosm_8","No_plant","Artificial_OSPW","D8","29-07-2021",0.2,"Sediments.No_plant.Artificial_OSPW.D8",75.575,14.009,25.21,252.201,58.324,63.342,116.83,96.79,18.464,8.576,37.196,27.454,182.557,81.519,24.454,12.505
"NS.1871.002.IDT_i7_113---IDT_i5_113.47-Mesocosm-12-1-Exp1-D8-Sed","47-Mesocosm-12-1-Exp1-D8-Sed","Sediments","Mesocosm_12","Carex","OSPW","D8","29-07-2021",79.1,"Sediments.Carex.OSPW.D8",65.71,14.592,29.664,205.381,47.901,61.533,105.929,103.723,17.04,9.168,34.414,29.375,178.595,77.37,21.504,10.368
"NS.1871.002.IDT_i7_114---IDT_i5_114.51-Mesocosm-2-1-Exp1-D28-Rhizo","51-Mesocosm-2-1-Exp1-D28-Rhizo","Rhizosphere","Mesocosm_2","Carex","OSPW","D28","18-08-2021",59.8,"Rhizosphere.Carex.OSPW.D28",42.817,9.176,11.634,140.293,28.787,42.689,67.824,74.665,15.955,6.982,24.068,19.747,107.515,55.652,13.82,8.109
"NS.1871.002.IDT_i7_115---IDT_i5_115.58-Mesocosm-5-2-Exp1-D28-Sed","58-Mesocosm-5-2-Exp1-D28-Sed","Sediments","Mesocosm_5","No_plant","Artificial_OSPW","D28","18-08-2021",0.4,"Sediments.No_plant.Artificial_OSPW.D28",33.064,8.081,15.559,118.652,29.019,42.286,63.287,62.696,9.836,7.813,20.669,14.479,99.781,55.946,14.54,7.272
"NS.1871.002.IDT_i7_116---IDT_i5_116.70-Mesocosm-11-2-Exp1-D28-Sed","70-Mesocosm-11-2-Exp1-D28-Sed","Sediments","Mesocosm_11","No_plant","Artificial_OSPW","D28","18-08-2021",0.4,"Sediments.No_plant.Artificial_OSPW.D28",153.692,32.126,63.037,503.53,116.852,146.69,230.968,235.525,41.947,21.679,79.042,56.654,381.725,174.981,46.926,22.498
"NS.1871.002.IDT_i7_117---IDT_i5_117.35-Mesocosm-6-1-Exp1-D8-Racine","35-Mesocosm-6-1-Exp1-D8-Racine","Roots","Mesocosm_6","Carex","OSPW","D8","29-07-2021",68.3,"Roots.Carex.OSPW.D8",2.322,1.62,0.81,16.471,2.916,6.102,8.964,10.908,1.836,1.566,2.862,3.132,19.496,9.018,3.51,1.728
"NS.1871.002.IDT_i7_118---IDT_i5_118.51-Mesocosm-2-1-Exp1-D28-Racine","51-Mesocosm-2-1-Exp1-D28-Racine","Roots","Mesocosm_2","Carex","OSPW","D28","18-08-2021",59.8,"Roots.Carex.OSPW.D28",4.463,0.48,2.256,20.481,4.128,11.08,17.268,19.714,3.695,4.654,4.557,3.645,30.265,12.33,4.461,2.734
"NS.1871.002.IDT_i7_119---IDT_i5_119.110-Mesocosm-7-2-Exp1-TEST-Racine","110-Mesocosm-7-2-Exp1-TEST-Racine","Roots","Mesocosm_7","Carex","OSPW","D84","13-10-2021",10.2,"Roots.Carex.OSPW.D84",2.836,1.159,1.969,13.949,3.701,4.862,9.494,12.264,1.216,1.156,3.184,2.491,17.187,9.608,1.793,0.637
"NS.1871.002.IDT_i7_121---IDT_i5_121.23-24-Mesocosm-12-1-12-2-Exp1-D-0-Rhizo","23-24-Mesocosm-12-1-12-2-Exp1-D-0-Rhizo","Rhizosphere","Mesocosm_12","Carex","OSPW","D-0","14-07-2021",0.7,"Rhizosphere.Carex.OSPW.D-0",91.626,23.59,43.322,275.11,66.96,99.855,144.792,164.487,28.259,16.009,55.218,37.357,246.616,126.406,32.953,15.699
"NS.1871.002.IDT_i7_122---IDT_i5_122.29-Mesocosm-3-1-Exp1-D8-Sed","29-Mesocosm-3-1-Exp1-D8-Sed","Sediments","Mesocosm_3","No_plant","OSPW","D8","29-07-2021",75.1,"Sediments.No_plant.OSPW.D8",57.965,12.895,20.831,183.752,42.9,51.824,90.077,79.107,10.54,8.494,24.304,22.689,126.904,56.852,15.871,7.936
"NS.1871.002.IDT_i7_123---IDT_i5_123.36-Mesocosm-6-2-Exp1-D8-Rhizo","36-Mesocosm-6-2-Exp1-D8-Rhizo","Rhizosphere","Mesocosm_6","Carex","OSPW","D8","29-07-2021",68.3,"Rhizosphere.Carex.OSPW.D8",64.068,16.316,26.649,195.849,48.129,77.671,88.379,106.023,18.144,6.615,36.979,28.664,171.209,94.808,23.561,10.331
"NS.1871.002.IDT_i7_124---IDT_i5_124.40-Mesocosm-8-2-Exp1-D8-Sed","40-Mesocosm-8-2-Exp1-D8-Sed","Sediments","Mesocosm_8","No_plant","Artificial_OSPW","D8","29-07-2021",0.2,"Sediments.No_plant.Artificial_OSPW.D8",63.765,19.051,32.555,226.61,44.853,71.512,105.495,95.547,21.357,8.52,36.809,30.971,159.297,96.821,20.449,12.834
"NS.1871.002.IDT_i7_126---IDT_i5_126.52-Mesocosm-2-2-Exp1-D28-Sed","52-Mesocosm-2-2-Exp1-D28-Sed","Sediments","Mesocosm_2","Carex","OSPW","D28","18-08-2021",59.8,"Sediments.Carex.OSPW.D28",53.34,12.497,18.149,167.03,44.335,60.764,75.361,86.207,18.455,9.009,30.005,17.825,131.679,75.479,18.201,8.247
"NS.1871.002.IDT_i7_127---IDT_i5_127.63-Mesocosm-8-1-Exp1-D28-Sed","63-Mesocosm-8-1-Exp1-D28-Sed","Sediments","Mesocosm_8","No_plant","Artificial_OSPW","D28","18-08-2021",0.4,"Sediments.No_plant.Artificial_OSPW.D28",25.837,3.907,9.661,90.849,18.434,22.06,32.886,39.667,5.276,2.33,10.278,10.141,63.235,32.608,9.593,4.457
"NS.1871.002.IDT_i7_129---IDT_i5_129.36-Mesocosm-6-2-Exp1-D8-Racine","36-Mesocosm-6-2-Exp1-D8-Racine","Roots","Mesocosm_6","Carex","OSPW","D8","29-07-2021",68.3,"Roots.Carex.OSPW.D8",16.933,1.749,1.694,37.479,6.039,26.416,16.259,32.057,2.429,1.92,5.197,10.95,61.408,14.567,11.793,10.383
"NS.1871.002.IDT_i7_13---IDT_i5_13.107-Mesocosm-6-1-Exp1-TEST-Sed","107-Mesocosm-6-1-Exp1-TEST-Sed","Sediments","Mesocosm_6","Carex","OSPW","D84","13-10-2021",13.1,"Sediments.Carex.OSPW.D84",96.651,22.881,38.744,318.208,76.179,107.078,156.213,158.875,29.902,19.925,58.478,39.159,264.306,141.798,32.523,19.06
"NS.1871.002.IDT_i7_130---IDT_i5_130.52-Mesocosm-2-2-Exp1-D28-Racine","52-Mesocosm-2-2-Exp1-D28-Racine","Roots","Mesocosm_2","Carex","OSPW","D28","18-08-2021",59.8,"Roots.Carex.OSPW.D28",0.939,0,0.446,5.719,1.115,2.234,2.857,3.752,0.67,1.162,0.894,1.52,9.337,2.054,1.162,1.118
"NS.1871.002.IDT_i7_131---IDT_i5_131.120-Mesocosm-12-2-Exp1-TEST-Racine","120-Mesocosm-12-2-Exp1-TEST-Racine","Roots","Mesocosm_12","Carex","OSPW","D84","13-10-2021",23.4,"Roots.Carex.OSPW.D84",9.256,2.779,3.372,30.225,7.277,14.024,17.265,24.742,1.983,3.508,5.951,3.503,33.411,22.558,3.967,1.783
"NS.1871.002.IDT_i7_133---IDT_i5_133.24-Mesocosm-12-2-Exp1-D-0-Sed","24-Mesocosm-12-2-Exp1-D-0-Sed","Sediments","Mesocosm_12","Carex","OSPW","D-0","14-07-2021",0.7,"Sediments.Carex.OSPW.D-0",90.507,21.168,42.338,316.076,74.261,94.169,165.414,156.68,30.07,13.142,47.274,37.365,243.04,117.657,29.728,15.188
"NS.1871.002.IDT_i7_134---IDT_i5_134.30-Mesocosm-3-2-Exp1-D8-Sed","30-Mesocosm-3-2-Exp1-D8-Sed","Sediments","Mesocosm_3","No_plant","OSPW","D8","29-07-2021",75.1,"Sediments.No_plant.OSPW.D8",83.589,18.131,34.373,301.86,70.756,88.717,145.564,133.433,20.743,12.777,48.223,31.673,223.861,119.694,27.489,14.442
"NS.1871.002.IDT_i7_135---IDT_i5_135.36-Mesocosm-6-2-Exp1-D8-Sed","36-Mesocosm-6-2-Exp1-D8-Sed","Sediments","Mesocosm_6","Carex","OSPW","D8","29-07-2021",68.3,"Sediments.Carex.OSPW.D8",96.681,24.318,42.174,324.827,79.97,117.99,153.318,163.168,25.708,18.905,55.172,39.07,249.651,137.681,41.17,19.782
"NS.1871.002.IDT_i7_136---IDT_i5_136.41-Mesocosm-9-1-Exp1-D8-Sed","41-Mesocosm-9-1-Exp1-D8-Sed","Sediments","Mesocosm_9","No_plant","OSPW","D8","29-07-2021",92,"Sediments.No_plant.OSPW.D8",66.637,16.513,30.545,239.662,49.398,71.837,103.472,111.01,20.979,10.962,37.434,29.055,179.29,91.134,24.314,11.539
"NS.1871.002.IDT_i7_137---IDT_i5_137.47-Mesocosm-12-1-Exp1-D8-Rhizo","47-Mesocosm-12-1-Exp1-D8-Rhizo","Rhizosphere","Mesocosm_12","Carex","OSPW","D8","29-07-2021",79.1,"Rhizosphere.Carex.OSPW.D8",88.567,26.642,36.872,303.946,72.145,98.867,162.049,159.518,28.973,12.942,53.771,39.574,256.093,125.108,32.285,15.809
"NS.1871.002.IDT_i7_138---IDT_i5_138.52-Mesocosm-2-2-Exp1-D28-Rhizo","52-Mesocosm-2-2-Exp1-D28-Rhizo","Rhizosphere","Mesocosm_2","Carex","OSPW","D28","18-08-2021",59.8,"Rhizosphere.Carex.OSPW.D28",103.637,20.368,41.618,372.989,82.18,115.088,167.244,183.021,33.975,15.413,65.801,42.709,262.761,147.629,37.292,22.049
"NS.1871.002.IDT_i7_139---IDT_i5_139.64-Mesocosm-8-2-Exp1-D28-Sed","64-Mesocosm-8-2-Exp1-D28-Sed","Sediments","Mesocosm_8","No_plant","Artificial_OSPW","D28","18-08-2021",0.4,"Sediments.No_plant.Artificial_OSPW.D28",37.61,11.364,18.607,116.119,25.449,30.776,57.691,54.833,11.566,5.915,20.005,14.753,90.063,38.348,11.164,5.115
"NS.1871.002.IDT_i7_14---IDT_i5_14.107-Mesocosm-6-1-Exp1-TEST-Racines","107-Mesocosm-6-1-Exp1-TEST-Racines","Roots","Mesocosm_6","Carex","OSPW","D84","13-10-2021",13.1,"Roots.Carex.OSPW.D84",4.291,1.609,2.252,14.105,5.474,7.723,8.313,13.953,1.876,1.394,3.056,2.36,22.318,7.667,1.825,0.804
"NS.1871.002.IDT_i7_141---IDT_i5_141.37-Mesocosm-7-1-Exp1-D8-Racine","37-Mesocosm-7-1-Exp1-D8-Racine","Roots","Mesocosm_7","Carex","OSPW","D8","29-07-2021",112.6,"Roots.Carex.OSPW.D8",7.23,1.664,4.264,25.903,14.308,22.946,33.036,34.073,2.028,2.497,10.925,4.784,49.378,29.447,5.772,3.746
"NS.1871.002.IDT_i7_142---IDT_i5_142.75-Mesocosm-2-1-Exp1-D42-Racine","75-Mesocosm-2-1-Exp1-D42-Racine","Roots","Mesocosm_2","Carex","OSPW","D42","01-09-2021",40.6,"Roots.Carex.OSPW.D42",2.119,0.424,0.339,2.925,0.762,2.966,3.771,2.287,0.085,0.042,0.975,0.085,5.295,3.05,0.085,0.085
"NS.1871.002.IDT_i7_143---IDT_i5_143.59-Mesocosm-6-1-Exp1-D28-Sed","59-Mesocosm-6-1-Exp1-D28-Sed","Sediments","Mesocosm_6","Carex","OSPW","D28","18-08-2021",52.3,"Sediments.Carex.OSPW.D28",41.481,9.442,16.554,131.384,33.443,40.892,61.503,57.907,8.974,5.785,19.213,13.698,107.653,55.918,16.487,4.251
"NS.1871.002.IDT_i7_145---IDT_i5_145.25-Mesocosm-1-1-Exp1-D8-Sed","25-Mesocosm-1-1-Exp1-D8-Sed","Sediments","Mesocosm_1","No_plant","OSPW","D8","29-07-2021",NA,"Sediments.No_plant.OSPW.D8",99.811,23.567,41.509,361.763,78.43,114.427,175.3,189.216,36.986,12.906,67.981,45.561,306.685,185.552,37.527,14.174
"NS.1871.002.IDT_i7_146---IDT_i5_146.31-Mesocosm-4-1-Exp1-D8-Sed","31-Mesocosm-4-1-Exp1-D8-Sed","Sediments","Mesocosm_4","No_plant","Artificial_OSPW","D8","29-07-2021",0.2,"Sediments.No_plant.Artificial_OSPW.D8",64.515,14.491,25.829,223.92,50.308,62.284,102.91,95.17,19.314,7.433,29.743,24.745,164.752,74.533,16.547,9.822
"NS.1871.002.IDT_i7_147---IDT_i5_147.37-Mesocosm-7-1-Exp1-D8-Sed","37-Mesocosm-7-1-Exp1-D8-Sed","Sediments","Mesocosm_7","Carex","OSPW","D8","29-07-2021",112.6,"Sediments.Carex.OSPW.D8",24.074,8.027,14.212,112.423,36.935,46.997,65.162,73.048,11.903,7.413,29.795,17.819,123.655,58.088,15.712,6.869
"NS.1871.002.IDT_i7_148---IDT_i5_148.42-Mesocosm-9-2-Exp1-D8-Sed","42-Mesocosm-9-2-Exp1-D8-Sed","Sediments","Mesocosm_9","No_plant","OSPW","D8","29-07-2021",92,"Sediments.No_plant.OSPW.D8",65.528,15.696,23.682,216.659,46.216,56.452,101.928,95.083,19.487,10.748,31.212,29.892,155.577,75.489,19.653,9.94
"NS.1871.002.IDT_i7_149---IDT_i5_149.48-Mesocosm-12-2-Exp1-D8-Sed","48-Mesocosm-12-2-Exp1-D8-Sed","Sediments","Mesocosm_12","Carex","OSPW","D8","29-07-2021",79.1,"Sediments.Carex.OSPW.D8",61.8,14.309,25.715,229.611,50.205,68.851,107.399,114.418,18.559,8.459,37.931,28.217,181.669,90.386,21.072,10.532
"NS.1871.002.IDT_i7_15---IDT_i5_15.102-Mesocosm-3-2-Exp1-TEST-Sed","102-Mesocosm-3-2-Exp1-TEST-Sed","Sediments","Mesocosm_3","No_plant","OSPW","D84","13-10-2021",57.4,"Sediments.No_plant.OSPW.D84",52.078,12.772,26.04,174.403,41.911,66.772,82.149,94.362,19.468,11.035,28.21,21.142,162.247,89.772,18.972,10.106
"NS.1871.002.IDT_i7_150---IDT_i5_150.53-Mesocosm-3-1-Exp1-D28-Sed","53-Mesocosm-3-1-Exp1-D28-Sed","Sediments","Mesocosm_3","No_plant","OSPW","D28","18-08-2021",122.8,"Sediments.No_plant.OSPW.D28",66.248,13.734,25.078,206.621,47.114,66.48,95.951,96.389,15.691,10.622,30.327,24.635,165.576,79.973,19.472,10.478
"NS.1871.002.IDT_i7_151---IDT_i5_151.65-Mesocosm-9-1-Exp1-D28-Sed","65-Mesocosm-9-1-Exp1-D28-Sed","Sediments","Mesocosm_9","No_plant","OSPW","D28","18-08-2021",91.5,"Sediments.No_plant.OSPW.D28",18.591,1.563,5.723,52.57,15.021,9.743,20.747,23.501,2.899,1.935,5.209,4.907,36.886,11.9,4.834,1.933
"NS.1871.002.IDT_i7_152---IDT_i5_152.11-12-Mesocosm-6-1-6-2-Exp1-D-0-Racine","11-12-Mesocosm-6-1-6-2-Exp1-D-0-Racine","Roots","Mesocosm_6","Carex","OSPW","D-0","14-07-2021",1,"Roots.Carex.OSPW.D-0",11.932,3.037,4.921,33.823,15.592,22.922,23.76,36.679,6.017,3.296,16.163,9.63,43.488,26.432,6.959,2.982
"NS.1871.002.IDT_i7_153---IDT_i5_153.38-Mesocosm-7-2-Exp1-D8-Racine","38-Mesocosm-7-2-Exp1-D8-Racine","Roots","Mesocosm_7","Carex","OSPW","D8","29-07-2021",112.6,"Roots.Carex.OSPW.D8",4.097,1.209,1.785,28.258,3.519,6.827,11.45,21.586,1.156,1.313,5.777,7.406,37.972,15.228,3.1,3.205
"NS.1871.002.IDT_i7_154---IDT_i5_154.83-Mesocosm-6-1-Exp1-D42-Racine","83-Mesocosm-6-1-Exp1-D42-Racine","Roots","Mesocosm_6","Carex","OSPW","D42","01-09-2021",43.5,"Roots.Carex.OSPW.D42",5.974,0.802,2.51,26.571,6.191,15.413,16.805,20.17,1.601,3.682,10.562,4.48,33.656,12.159,5.866,3.465
"NS.1871.002.IDT_i7_155---IDT_i5_155.59-Mesocosm-6-1-Exp1-D28-Rhizo","59-Mesocosm-6-1-Exp1-D28-Rhizo","Rhizosphere","Mesocosm_6","Carex","OSPW","D28","18-08-2021",52.3,"Rhizosphere.Carex.OSPW.D28",42.856,10.332,17.661,133.648,30.402,45.875,69.469,75.134,12.8,6.997,21.999,19.065,118.86,61.068,19.866,7.402
"NS.1871.002.IDT_i7_157---IDT_i5_157.26-Mesocosm-1-2-Exp1-D8-Sed","26-Mesocosm-1-2-Exp1-D8-Sed","Sediments","Mesocosm_1","No_plant","OSPW","D8","29-07-2021",NA,"Sediments.No_plant.OSPW.D8",82.953,19.961,39.158,307.054,66.485,88.357,150.826,138.392,24.631,10.765,46.83,41.13,226.659,120.688,27.464,14.673
"NS.1871.002.IDT_i7_158---IDT_i5_158.32-Mesocosm-4-2-Exp1-D8-Sed","32-Mesocosm-4-2-Exp1-D8-Sed","Sediments","Mesocosm_4","No_plant","Artificial_OSPW","D8","29-07-2021",0.2,"Sediments.No_plant.Artificial_OSPW.D8",87.452,16.321,37.799,284.662,70.373,82.746,138.505,139.061,24.121,12.46,43.565,32.816,217.014,102.956,25.022,13.496
"NS.1871.002.IDT_i7_159---IDT_i5_159.37-Mesocosm-7-1-Exp1-D8-Rhizo","37-Mesocosm-7-1-Exp1-D8-Rhizo","Rhizosphere","Mesocosm_7","Carex","OSPW","D8","29-07-2021",112.6,"Rhizosphere.Carex.OSPW.D8",92.858,25.083,39.782,317.01,93.01,111.958,171.578,185.974,27.153,21.284,73.129,38.372,325.603,169.038,42.571,18.322
"NS.1871.002.IDT_i7_16---IDT_i5_16.110-Mesocosm-7-2-Exp1-TEST-Rhizo","110-Mesocosm-7-2-Exp1-TEST-Rhizo","Rhizosphere","Mesocosm_7","Carex","OSPW","D84","13-10-2021",10.2,"Rhizosphere.Carex.OSPW.D84",56.145,15.272,24.015,206.114,45.889,56.829,94.348,93.469,14.276,12.318,36.774,19.681,160.472,82.278,20.874,12.009
"NS.1871.002.IDT_i7_160---IDT_i5_160.43-Mesocosm-10-1-Exp1-D8-Sed","43-Mesocosm-10-1-Exp1-D8-Sed","Sediments","Mesocosm_10","No_plant","OSPW","D8","29-07-2021",87.8,"Sediments.No_plant.OSPW.D8",69.764,16.954,30.137,223.751,57.009,82.718,100.959,115.255,20.955,13.191,48.395,31.866,182.263,111.194,31.375,12.389
"NS.1871.002.IDT_i7_161---IDT_i5_161.48-Mesocosm-12-2-Exp1-D8-Rhizo","48-Mesocosm-12-2-Exp1-D8-Rhizo","Rhizosphere","Mesocosm_12","Carex","OSPW","D8","29-07-2021",79.1,"Rhizosphere.Carex.OSPW.D8",69.426,18.838,30.054,245.371,54.816,69.717,113.369,111.513,21.435,8.715,45.089,28.369,185.496,93.27,21.477,10.308
"NS.1871.002.IDT_i7_162---IDT_i5_162.54-Mesocosm-3-2-Exp1-D28-Sed","54-Mesocosm-3-2-Exp1-D28-Sed","Sediments","Mesocosm_3","No_plant","OSPW","D28","18-08-2021",122.8,"Sediments.No_plant.OSPW.D28",40.805,8.566,15.246,137.43,32.579,43.916,68.198,60.918,12.275,6.407,23.746,14.573,98.291,60.772,15.239,7.818
"NS.1871.002.IDT_i7_163---IDT_i5_163.66-Mesocosm-9-2-Exp1-D28-Sed","66-Mesocosm-9-2-Exp1-D28-Sed","Sediments","Mesocosm_9","No_plant","OSPW","D28","18-08-2021",91.5,"Sediments.No_plant.OSPW.D28",47.501,8.648,18.247,181.423,31.008,44.412,71.44,77.885,12.566,3.722,18.063,18.071,116.299,54.839,13.578,7.898
"NS.1871.002.IDT_i7_164---IDT_i5_164.13-14-Mesocosm-7-1-7-2-Exp1-D-0-Racine","13-14-Mesocosm-7-1-7-2-Exp1-D-0-Racine","Roots","Mesocosm_7","Carex","OSPW","D-0","14-07-2021",0.4,"Roots.Carex.OSPW.D-0",7.057,1.562,1.765,16.023,5.975,8.487,12.49,13.443,3.121,2.918,8.757,2.172,19.953,14.117,5.156,1.426
"NS.1871.002.IDT_i7_165---IDT_i5_165.47-Mesocosm-12-1-Exp1-D8-Racine","47-Mesocosm-12-1-Exp1-D8-Racine","Roots","Mesocosm_12","Carex","OSPW","D8","29-07-2021",79.1,"Roots.Carex.OSPW.D8",1.947,1.028,1.731,12.503,4.109,6.929,11.692,12.503,2.761,1.46,4.709,3.14,18.944,11.697,2.815,1.298
"NS.1871.002.IDT_i7_166---IDT_i5_166.85-Mesocosm-7-1-Exp1-D42-Racine","85-Mesocosm-7-1-Exp1-D42-Racine","Roots","Mesocosm_7","Carex","OSPW","D42","01-09-2021",55.2,"Roots.Carex.OSPW.D42",3.571,0.368,0.368,9.242,4.149,4.2,10.03,7.088,1.103,1.68,3.36,1.47,20.477,8.716,2.048,2.1
"NS.1871.002.IDT_i7_169---IDT_i5_169.27-Mesocosm-2-1-Exp1-D8-Sed","27-Mesocosm-2-1-Exp1-D8-Sed","Sediments","Mesocosm_2","Carex","OSPW","D8","29-07-2021",74.8,"Sediments.Carex.OSPW.D8",39.06,8.084,22.42,286.845,45.273,72.674,69.191,111.27,21.389,14.101,50.065,26.84,172.622,110.052,16.826,10.153
"NS.1871.002.IDT_i7_17---IDT_i5_17.118-Mesocosm-11-2-Exp1-TEST-Sed","118-Mesocosm-11-2-Exp1-TEST-Sed","Sediments","Mesocosm_11","No_plant","Artificial_OSPW","D84","13-10-2021",0.8,"Sediments.No_plant.Artificial_OSPW.D84",52.295,8.561,25.363,178.64,40.424,51.05,91.539,84.53,19.366,7.373,20.56,23.432,131.029,63.862,15.866,8.62
"NS.1871.002.IDT_i7_170---IDT_i5_170.33-Mesocosm-5-1-Exp1-D8-Sed","33-Mesocosm-5-1-Exp1-D8-Sed","Sediments","Mesocosm_5","No_plant","Artificial_OSPW","D8","29-07-2021",0.5,"Sediments.No_plant.Artificial_OSPW.D8",94.601,23.357,48.741,346.445,77.204,93.542,159.563,163.118,27.928,17.562,58.331,42.686,267.252,140.087,35.583,20.23
"NS.1871.002.IDT_i7_172---IDT_i5_172.44-Mesocosm-10-2-Exp1-D8-Sed","44-Mesocosm-10-2-Exp1-D8-Sed","Sediments","Mesocosm_10","No_plant","OSPW","D8","29-07-2021",87.8,"Sediments.No_plant.OSPW.D8",94.931,20.485,34.747,294.778,74.627,96.432,138.435,141.551,26.489,15.85,54.533,38.685,234.135,125.097,28.92,14.526
"NS.1871.002.IDT_i7_173---IDT_i5_173.49-Mesocosm-1-1-Exp1-D28-Sed","49-Mesocosm-1-1-Exp1-D28-Sed","Sediments","Mesocosm_1","No_plant","OSPW","D28","18-08-2021",45.3,"Sediments.No_plant.OSPW.D28",109.979,22.392,48.332,354.565,89.345,103.489,174.664,153.384,24.662,14.383,49.515,42.144,267.368,122.07,29.428,19.311
"NS.1871.002.IDT_i7_174---IDT_i5_174.55-Mesocosm-4-1-Exp1-D28-Sed","55-Mesocosm-4-1-Exp1-D28-Sed","Sediments","Mesocosm_4","No_plant","Artificial_OSPW","D28","18-08-2021",0.3,"Sediments.No_plant.Artificial_OSPW.D28",83.684,17.995,33.423,277.772,63.445,77.348,132.41,129.529,25.133,13.552,34.596,32.115,216.106,105.164,24.149,12.521
"NS.1871.002.IDT_i7_175---IDT_i5_175.67-Mesocosm-10-1-Exp1-D28-Sed","67-Mesocosm-10-1-Exp1-D28-Sed","Sediments","Mesocosm_10","No_plant","OSPW","D28","18-08-2021",70.4,"Sediments.No_plant.OSPW.D28",54.976,8.549,22.129,174.565,37.392,53.843,89.275,85.084,16.023,10.053,26.829,18.162,143.92,77.082,16.151,7.917
"NS.1871.002.IDT_i7_176---IDT_i5_176.23-24-Mesocosm-12-1-12-2-Exp1-D-0-Racine","23-24-Mesocosm-12-1-12-2-Exp1-D-0-Racine","Roots","Mesocosm_12","Carex","OSPW","D-0","14-07-2021",0.7,"Roots.Carex.OSPW.D-0",9.352,4.413,6.057,53.585,9.671,21.051,74.715,62.783,6.218,1.54,11.054,6.273,98.76,69.392,8.029,4.944
"NS.1871.002.IDT_i7_177---IDT_i5_177.48-Mesocosm-12-2-Exp1-D8-Racine","48-Mesocosm-12-2-Exp1-D8-Racine","Roots","Mesocosm_12","Carex","OSPW","D8","29-07-2021",79.1,"Roots.Carex.OSPW.D8",8.503,2.43,3.508,32.934,8.841,12.822,21.866,30.634,3.575,1.89,9.041,6.543,40.217,20.247,7.826,2.766
"NS.1871.002.IDT_i7_178---IDT_i5_178.95-Mesocosm-12-1-Exp1-D42-Racine","95-Mesocosm-12-1-Exp1-D42-Racine","Roots","Mesocosm_12","Carex","OSPW","D42","01-09-2021",44.1,"Roots.Carex.OSPW.D42",2.125,0.67,2.01,11.733,2.068,4.357,5.583,7.874,0.559,1.062,1.174,2.122,13.075,6.033,1.228,1.899
"NS.1871.002.IDT_i7_18---IDT_i5_18.77-Mesocosm-3-1-Exp1-D42-Sed","77-Mesocosm-3-1-Exp1-D42-Sed","Sediments","Mesocosm_3","No_plant","OSPW","D42","01-09-2021",83.9,"Sediments.No_plant.OSPW.D42",54.107,15.686,24.828,200.446,48.495,59.056,94.259,102.62,15.507,10.097,33.483,26.836,178.811,81.247,20.614,11.525
"NS.1871.002.IDT_i7_181---IDT_i5_181.27-Mesocosm-2-1-Exp1-D8-Rhizo","27-Mesocosm-2-1-Exp1-D8-Rhizo","Rhizosphere","Mesocosm_2","Carex","OSPW","D8","29-07-2021",74.8,"Rhizosphere.Carex.OSPW.D8",39.828,11.357,19.72,198.993,36.731,58.657,67.329,96.649,15.177,11.308,35.706,21.508,140.075,86.335,16.624,8.746
"NS.1871.002.IDT_i7_182---IDT_i5_182.34-Mesocosm-5-2-Exp1-D8-Sed","34-Mesocosm-5-2-Exp1-D8-Sed","Sediments","Mesocosm_5","No_plant","Artificial_OSPW","D8","29-07-2021",0.5,"Sediments.No_plant.Artificial_OSPW.D8",51.087,13.775,28.645,187.092,42.05,60.2,83.185,99.776,18.4,9.058,37.61,23.351,140.723,86.349,19.308,7.197
"NS.1871.002.IDT_i7_183---IDT_i5_183.38-Mesocosm-7-2-Exp1-D8-Sed","38-Mesocosm-7-2-Exp1-D8-Sed","Sediments","Mesocosm_7","Carex","OSPW","D8","29-07-2021",112.6,"Sediments.Carex.OSPW.D8",103.631,24.466,44.98,344.876,74.194,120.573,157.875,175.624,32.448,13.041,60.474,42.85,263.245,153.758,40.811,14.473
"NS.1871.002.IDT_i7_184---IDT_i5_184.45-Mesocosm-11-1-Exp1-D8-Sed","45-Mesocosm-11-1-Exp1-D8-Sed","Sediments","Mesocosm_11","No_plant","Artificial_OSPW","D8","29-07-2021",0.8,"Sediments.No_plant.Artificial_OSPW.D8",99.971,18.732,43.431,321.685,74.378,88.636,165.312,155.042,28.979,13.802,45.303,40.672,255.167,113.101,30.827,15.305
"NS.1871.002.IDT_i7_185---IDT_i5_185.50-Mesocosm-1-2-Exp1-D28-Sed","50-Mesocosm-1-2-Exp1-D28-Sed","Sediments","Mesocosm_1","No_plant","OSPW","D28","18-08-2021",45.3,"Sediments.No_plant.OSPW.D28",67.746,13.919,31.197,234.153,55.505,70.433,113.958,111.27,19.95,10.127,37.98,27.404,168.334,97.667,21.69,13.301
"NS.1871.002.IDT_i7_186---IDT_i5_186.56-Mesocosm-4-2-Exp1-D28-Sed","56-Mesocosm-4-2-Exp1-D28-Sed","Sediments","Mesocosm_4","No_plant","Artificial_OSPW","D28","18-08-2021",0.3,"Sediments.No_plant.Artificial_OSPW.D28",110.333,19.773,49.101,353.19,88.182,101.519,168.444,164.738,28.782,11.271,44.265,39,269.494,121.915,33.852,18.252
"NS.1871.002.IDT_i7_187---IDT_i5_187.68-Mesocosm-10-2-Exp1-D28-Sed","68-Mesocosm-10-2-Exp1-D28-Sed","Sediments","Mesocosm_10","No_plant","OSPW","D28","18-08-2021",70.4,"Sediments.No_plant.OSPW.D28",260.508,55.096,121.985,733.99,196.427,295.225,409.392,375.251,72.545,37.025,127.585,97.476,630.921,298.551,78.706,43.364
"NS.1871.002.IDT_i7_188---IDT_i5_188.27-Mesocosm-2-1-Exp1-D8-Racine","27-Mesocosm-2-1-Exp1-D8-Racine","Roots","Mesocosm_2","Carex","OSPW","D8","29-07-2021",74.8,"Roots.Carex.OSPW.D8",16.101,2.54,2.681,59.686,16.709,21.559,32.721,43.394,7.2,5.977,8.328,8.332,70.661,39.683,11.487,6.027
"NS.1871.002.IDT_i7_189---IDT_i5_189.95-Mesocosm-12-1-Exp1-D42-Sed","95-Mesocosm-12-1-Exp1-D42-Sed","Sediments","Mesocosm_12","Carex","OSPW","D42","01-09-2021",44.1,"Sediments.Carex.OSPW.D42",82.633,17.654,38.984,275.995,68.01,83.562,137.888,142.276,26.88,17.98,44.579,35.355,222.248,117.431,29.205,16.916
"NS.1871.002.IDT_i7_19---IDT_i5_19.85-Mesocosm-7-1-Exp1-D42-Sed","85-Mesocosm-7-1-Exp1-D42-Sed","Sediments","Mesocosm_7","Carex","OSPW","D42","01-09-2021",55.2,"Sediments.Carex.OSPW.D42",72.188,11.782,29.796,212.138,57.346,69.309,96.501,100.116,17.83,11.597,38.711,22.634,170.291,94.369,26.677,9.971
"NS.1871.002.IDT_i7_190---IDT_i5_190.100-Mesocosm-2-2-Exp1-TEST-Racine","100-Mesocosm-2-2-Exp1-TEST-Racine","Roots","Mesocosm_2","Carex","OSPW","D84","13-10-2021",21.6,"Roots.Carex.OSPW.D84",3.025,0.54,0.918,9.666,3.186,5.184,6.858,3.888,0.54,1.242,2.538,2.052,8.856,4.806,1.404,0.648
"NS.1871.002.IDT_i7_2---IDT_i5_2.99-Mesocosm-2-1-Exp1-TEST-Racines","99-Mesocosm-2-1-Exp1-TEST-Racines","Roots","Mesocosm_2","Carex","OSPW","D84","13-10-2021",21.6,"Roots.Carex.OSPW.D84",6.519,1.06,2.544,16.271,5.459,8.374,9.328,13.303,1.431,0.742,7.792,3.339,16.642,9.116,4.081,1.749
"NS.1871.002.IDT_i7_20---IDT_i5_20.93-Mesocosm-11-1-Exp1-D42-Sed","93-Mesocosm-11-1-Exp1-D42-Sed","Sediments","Mesocosm_11","No_plant","Artificial_OSPW","D42","01-09-2021",0.8,"Sediments.No_plant.Artificial_OSPW.D42",89.049,16.193,32.69,269.606,63.861,79.709,156.4,127.855,24.755,14.145,42.865,31.079,216.514,109.487,29.287,13.052
"NS.1871.002.IDT_i7_21---IDT_i5_21.5-Mesocosm-3-1-Exp1-D-0-Sed","5-Mesocosm-3-1-Exp1-D-0-Sed","Sediments","Mesocosm_3","No_plant","OSPW","D-0","14-07-2021",1.1,"Sediments.No_plant.OSPW.D-0",70.145,17.454,32.846,227.174,55.613,82.943,109.061,122.405,21.123,8.916,41.343,30.57,185.9,101.208,28.038,12.634
"NS.1871.002.IDT_i7_22---IDT_i5_22.12-Mesocosm-6-2-Exp1-D-0-Sed","12-Mesocosm-6-2-Exp1-D-0-Sed","Sediments","Mesocosm_6","Carex","OSPW","D-0","14-07-2021",1,"Sediments.Carex.OSPW.D-0",46.39,10.648,22.105,168.847,38.309,57.283,89.808,86.61,13.782,8.036,28.663,22.01,122.794,65.935,18.968,9.793
"NS.1871.002.IDT_i7_23---IDT_i5_23.19-Mesocosm-10-1-Exp1-D-0-Sed","19-Mesocosm-10-1-Exp1-D-0-Sed","Sediments","Mesocosm_10","No_plant","OSPW","D-0","14-07-2021",1,"Sediments.No_plant.OSPW.D-0",78.02,19.354,42.354,264.997,64.55,94.204,118.791,142.799,23.693,11.658,50.97,34.049,212.438,127.315,26.911,15.204
"NS.1871.002.IDT_i7_25---IDT_i5_25.109-Mesocosm-7-1-Exp1-TEST-Sed","109-Mesocosm-7-1-Exp1-TEST-Sed","Sediments","Mesocosm_7","Carex","OSPW","D84","13-10-2021",10.2,"Sediments.Carex.OSPW.D84",72.325,17.114,31.489,252.902,63.22,72.514,117.699,121.344,23.106,14.374,42.214,25.028,200.539,110.633,25.883,13.996
"NS.1871.002.IDT_i7_26---IDT_i5_26.109-Mesocosm-7-1-Exp1-TEST-Racines","109-Mesocosm-7-1-Exp1-TEST-Racines","Roots","Mesocosm_7","Carex","OSPW","D84","13-10-2021",10.2,"Roots.Carex.OSPW.D84",5.836,0.864,2.647,24.106,6.65,7.89,13.351,17.513,1.405,2.647,6.163,3.352,28.001,12.916,4.001,2.757
"NS.1871.002.IDT_i7_27---IDT_i5_27.103-Mesocosm-4-1-Exp1-TEST-Sed","103-Mesocosm-4-1-Exp1-TEST-Sed","Sediments","Mesocosm_4","No_plant","Artificial_OSPW","D84","13-10-2021",0.3,"Sediments.No_plant.Artificial_OSPW.D84",75.17,16.623,27.543,203.12,49.476,76.844,100.787,103.624,15.094,9.974,30.584,24.647,177.483,86.727,21.792,9.399
"NS.1871.002.IDT_i7_28---IDT_i5_28.111-Mesocosm-8-1-Exp1-TEST-Sed","111-Mesocosm-8-1-Exp1-TEST-Sed","Sediments","Mesocosm_8","No_plant","Artificial_OSPW","D84","13-10-2021",1.3,"Sediments.No_plant.Artificial_OSPW.D84",55.001,11.778,24.921,209.182,40.503,60.591,100.209,84.8,19.228,11.097,28.176,25.583,157.829,77.411,17.983,9.949
"NS.1871.002.IDT_i7_29---IDT_i5_29.120-Mesocosm-12-2-Exp1-TEST-Sed","120-Mesocosm-12-2-Exp1-TEST-Sed","Sediments","Mesocosm_12","Carex","OSPW","D84","13-10-2021",23.4,"Sediments.Carex.OSPW.D84",64.212,15.689,30.57,209.266,52.415,76.774,100.706,105.133,17.453,13.575,38.999,25.722,160.061,95.76,22.766,13.371
"NS.1871.002.IDT_i7_3---IDT_i5_3.101-Mesocosm-3-1-Exp1-TEST-Sed","101-Mesocosm-3-1-Exp1-TEST-Sed","Sediments","Mesocosm_3","No_plant","OSPW","D84","13-10-2021",57.4,"Sediments.No_plant.OSPW.D84",56.084,10.034,18.036,168.362,36.775,56.334,76.465,81.226,16.067,11.303,27.057,18.098,133.364,79.132,21.658,9.021
"NS.1871.002.IDT_i7_30---IDT_i5_30.78-Mesocosm-3-2-Exp1-D42-Sed","78-Mesocosm-3-2-Exp1-D42-Sed","Sediments","Mesocosm_3","No_plant","OSPW","D42","01-09-2021",83.9,"Sediments.No_plant.OSPW.D42",62.08,10.838,24.43,176.379,48.426,58.061,86.742,88.262,15.156,9.58,32.702,24.995,146.089,88.057,23.239,7.517
"NS.1871.002.IDT_i7_31---IDT_i5_31.85-Mesocosm-7-1-Exp1-D42-Rhizo","85-Mesocosm-7-1-Exp1-D42-Rhizo","Rhizosphere","Mesocosm_7","Carex","OSPW","D42","01-09-2021",55.2,"Rhizosphere.Carex.OSPW.D42",58.456,14.819,26.306,203.178,46.368,62.665,90.933,96.179,16.786,8.571,37.435,22.262,161.99,85.1,18.398,10.247
"NS.1871.002.IDT_i7_32---IDT_i5_32.94-Mesocosm-11-2-Exp1-D42-Sed","94-Mesocosm-11-2-Exp1-D42-Sed","Sediments","Mesocosm_11","No_plant","Artificial_OSPW","D42","01-09-2021",0.8,"Sediments.No_plant.Artificial_OSPW.D42",63.795,10.624,25.492,182.843,41.551,55.243,93.169,84.924,13.682,9.874,22.122,20.246,140.112,55.493,16.616,7.619
"NS.1871.002.IDT_i7_33---IDT_i5_33.6-Mesocosm-3-2-Exp1-D-0-Sed","6-Mesocosm-3-2-Exp1-D-0-Sed","Sediments","Mesocosm_3","No_plant","OSPW","D-0","14-07-2021",1.1,"Sediments.No_plant.OSPW.D-0",75.606,24.578,32.928,242.985,66.388,91.397,128.418,131.242,24.049,11.424,48.003,36.866,209.109,111.18,27.314,13.2
"NS.1871.002.IDT_i7_34---IDT_i5_34.13-Mesocosm-7-1-Exp1-D-0-Sed","13-Mesocosm-7-1-Exp1-D-0-Sed","Sediments","Mesocosm_7","Carex","OSPW","D-0","14-07-2021",0.4,"Sediments.Carex.OSPW.D-0",88.709,23.499,42.967,287.01,53.868,84.743,132.699,147.912,29.619,13.125,43.728,35.021,203.67,112.095,26.712,14.291
"NS.1871.002.IDT_i7_37---IDT_i5_37.119-Mesocosm-12-1-Exp1-TEST-Sed","119-Mesocosm-12-1-Exp1-TEST-Sed","Sediments","Mesocosm_12","Carex","OSPW","D84","13-10-2021",23.4,"Sediments.Carex.OSPW.D84",53.724,10.514,26.031,194.459,47.369,67.069,90.518,97.041,16.281,13.43,33.89,25.53,145.045,87.327,21.977,10.641
"NS.1871.002.IDT_i7_38---IDT_i5_38.119-Mesocosm-12-1-Exp1-TEST-Racines","119-Mesocosm-12-1-Exp1-TEST-Racines","Roots","Mesocosm_12","Carex","OSPW","D84","13-10-2021",23.4,"Roots.Carex.OSPW.D84",5.466,0.758,0.757,14.513,4.383,8.775,10.174,16.845,0.975,2.275,2.597,4.55,24.318,8.502,5.742,3.792
"NS.1871.002.IDT_i7_39---IDT_i5_39.105-Mesocosm-5-1-Exp1-TEST-Sed","105-Mesocosm-5-1-Exp1-TEST-Sed","Sediments","Mesocosm_5","No_plant","Artificial_OSPW","D84","13-10-2021",0.1,"Sediments.No_plant.Artificial_OSPW.D84",55.244,11.214,24.591,201.792,41.314,63.237,83.796,90.309,18.212,8.797,29.546,19.51,132.187,80.446,16.606,10.843
"NS.1871.002.IDT_i7_4---IDT_i5_4.110-Mesocosm-7-2-Exp1-TEST-Sed","110-Mesocosm-7-2-Exp1-TEST-Sed","Sediments","Mesocosm_7","Carex","OSPW","D84","13-10-2021",10.2,"Sediments.Carex.OSPW.D84",62.387,10.887,24.276,199.017,52.5,63.134,98.183,97.495,15.265,13.387,34.28,23.398,166.442,99.678,19.211,10.951
"NS.1871.002.IDT_i7_40---IDT_i5_40.112-Mesosocm-8-2-Exp1-TEST-Sed","112-Mesosocm-8-2-Exp1-TEST-Sed","Sediments","Mesocosm_8","No_plant","Artificial_OSPW","D84","13-10-2021",1.3,"Sediments.No_plant.Artificial_OSPW.D84",42.383,12.719,22.611,170.708,40.172,56.228,74.864,68.393,15.555,7.684,19.965,22.288,145.381,64.475,13.603,7.305
"NS.1871.002.IDT_i7_41---IDT_i5_41.120-Mesocosm-12-2-Exp1-TEST-Rhizo","120-Mesocosm-12-2-Exp1-TEST-Rhizo","Rhizosphere","Mesocosm_12","Carex","OSPW","D84","13-10-2021",23.4,"Rhizosphere.Carex.OSPW.D84",89.892,21.741,41.376,275.125,68.857,98.831,137.672,156.054,28.804,20.089,55.856,37.932,231.199,128.375,32.198,16.379
"NS.1871.002.IDT_i7_42---IDT_i5_42.79-Mesocosm-4-1-Exp1-D42-Sed","79-Mesocosm-4-1-Exp1-D42-Sed","Sediments","Mesocosm_4","No_plant","Artificial_OSPW","D42","01-09-2021",0.2,"Sediments.No_plant.Artificial_OSPW.D42",102.211,22.756,41.604,311.653,75.278,102.373,154.272,165.561,29.681,26.41,60.703,37.899,272.712,157.237,38.562,18.196
"NS.1871.002.IDT_i7_43---IDT_i5_43.87-Mesocosm-8-1-Exp1-D42-Sed","87-Mesocosm-8-1-Exp1-D42-Sed","Sediments","Mesocosm_8","No_plant","Artificial_OSPW","D42","01-09-2021",0.7,"Sediments.No_plant.Artificial_OSPW.D42",82.542,16.101,33.329,281.15,63.34,75.449,141.368,121.05,23.156,13.146,40.64,31.938,202.787,97.093,24.453,10.953
"NS.1871.002.IDT_i7_45---IDT_i5_45.7-Mesocosm-4-1-Exp1-D-0-Sed","7-Mesocosm-4-1-Exp1-D-0-Sed","Sediments","Mesocosm_4","No_plant","Artificial_OSPW","D-0","14-07-2021",1.4,"Sediments.No_plant.Artificial_OSPW.D-0",80.363,18.939,36.114,246.742,59.849,77.432,116.472,119.63,18.752,12.097,37.779,34.755,196.427,91.15,27.132,13.178
"NS.1871.002.IDT_i7_49---IDT_i5_49.99-Mesocosm-2-1-Exp1-TEST-Rhizo","99-Mesocosm-2-1-Exp1-TEST-Rhizo","Rhizosphere","Mesocosm_2","Carex","OSPW","D84","13-10-2021",21.6,"Rhizosphere.Carex.OSPW.D84",65.865,15.635,25.568,205.396,48.159,74.089,98.116,108.921,19.047,12.471,43.647,24.658,169.958,102.631,26.858,11.514
"NS.1871.002.IDT_i7_5---IDT_i5_5.117-Mesocosm-11-1-Exp1-TEST-Sed","117-Mesocosm-11-1-Exp1-TEST-Sed","Sediments","Mesocosm_11","No_plant","Artificial_OSPW","D84","13-10-2021",0.8,"Sediments.No_plant.Artificial_OSPW.D84",66.041,12.205,28.908,177.204,45.324,64.122,100.171,107.831,16.852,11.245,25.512,24.599,181.363,72.123,14.503,9.093
"NS.1871.002.IDT_i7_50---IDT_i5_50.97-Mesocosm-1-1-Exp1-TEST-Sed","97-Mesocosm-1-1-Exp1-TEST-Sed","Sediments","Mesocosm_1","No_plant","OSPW","D84","13-10-2021",51.6,"Sediments.No_plant.OSPW.D84",56.391,12.238,24.237,179.348,40.891,49.771,90.226,91.332,13.968,8.063,24.958,22.556,151.035,72.71,16.366,9.023
"NS.1871.002.IDT_i7_51---IDT_i5_51.106-Mesocosm-5-2-Exp1-TEST-Sed","106-Mesocosm-5-2-Exp1-TEST-Sed","Sediments","Mesocosm_5","No_plant","Artificial_OSPW","D84","13-10-2021",0.1,"Sediments.No_plant.Artificial_OSPW.D84",56.544,10.54,26.722,184.512,45.074,59.582,87.11,88.04,14.88,10.974,30.256,22.01,146.939,86.985,21.142,10.416
"NS.1871.002.IDT_i7_52---IDT_i5_52.113-Mesocosm-9-1-Exp1-TEST-Sed","113-Mesocosm-9-1-Exp1-TEST-Sed","Sediments","Mesocosm_9","No_plant","OSPW","D84","13-10-2021",61.7,"Sediments.No_plant.OSPW.D84",94.961,23.762,38.636,269.415,74.499,92.882,149.206,138.712,25.58,17.779,46.83,31.567,232.897,124.885,29.743,17.859
"NS.1871.002.IDT_i7_53---IDT_i5_53.104-Mesocosm-4-2-Exp1-TEST-Sed","104-Mesocosm-4-2-Exp1-TEST-Sed","Sediments","Mesocosm_4","No_plant","Artificial_OSPW","D84","13-10-2021",0.3,"Sediments.No_plant.Artificial_OSPW.D84",104.314,18.327,45.15,342.753,81.203,115.741,154.752,178.336,30.289,18.651,60.302,38.451,273.874,153.064,42.889,19.877
"NS.1871.002.IDT_i7_54---IDT_i5_54.80-Mesocosm-4-2-Exp1-D42-Sed","80-Mesocosm-4-2-Exp1-D42-Sed","Sediments","Mesocosm_4","No_plant","Artificial_OSPW","D42","01-09-2021",0.2,"Sediments.No_plant.Artificial_OSPW.D42",93.514,18.01,36.598,292.052,70.409,76.466,142.545,132.076,24.105,16.248,38.453,32.537,222.542,107.422,27.435,17.284
"NS.1871.002.IDT_i7_55---IDT_i5_55.88-Mesocosm-8-2-Exp1-D42-Sed","88-Mesocosm-8-2-Exp1-D42-Sed","Sediments","Mesocosm_8","No_plant","Artificial_OSPW","D42","01-09-2021",0.7,"Sediments.No_plant.Artificial_OSPW.D42",56.128,12.53,20.049,172.879,41.277,54.954,83.698,76.807,13.855,7.122,27.028,21.716,132.662,65.905,16.659,7.272
"NS.1871.002.IDT_i7_56---IDT_i5_56.1-Mesocosm-1-1-Exp1-D-0-Sed","1-Mesocosm-1-1-Exp1-D-0-Sed","Sediments","Mesocosm_1","No_plant","OSPW","D-0","14-07-2021",1.1,"Sediments.No_plant.OSPW.D-0",48.634,13.263,25.766,152.975,31.761,46.867,75.111,81.413,17.242,5.053,27.669,20.896,127.223,71.569,15.347,6.502
"NS.1871.002.IDT_i7_57---IDT_i5_57.8-Mesocosm-4-2-Exp1-D-0-Sed","8-Mesocosm-4-2-Exp1-D-0-Sed","Sediments","Mesocosm_4","No_plant","Artificial_OSPW","D-0","14-07-2021",1.4,"Sediments.No_plant.Artificial_OSPW.D-0",62.355,16.254,28.852,214.051,45.104,64.493,108.65,109.412,17.301,9.743,31.795,24.094,169.445,88.691,18.972,9.61
"NS.1871.002.IDT_i7_59---IDT_i5_59.21-Mesocosm-11-1-Exp1-D-0-Sed","21-Mesocosm-11-1-Exp1-D-0-Sed","Sediments","Mesocosm_11","No_plant","Artificial_OSPW","D-0","14-07-2021",1.1,"Sediments.No_plant.Artificial_OSPW.D-0",52.881,17.131,25.612,167.473,38.534,51.687,84.936,88.191,14.884,9.095,27.709,19.625,129.93,64.756,20.012,8.477
"NS.1871.002.IDT_i7_6---IDT_i5_6.75-Mesocosm-2-1-Exp1-D42-Rhizo","75-Mesocosm-2-1-Exp1-D42-Rhizo","Rhizosphere","Mesocosm_2","Carex","OSPW","D42","01-09-2021",40.6,"Rhizosphere.Carex.OSPW.D42",49.248,13.865,18.586,166.699,36.029,51.542,74.279,80.285,16.865,8.753,31.042,17.371,121.29,81.496,17.184,7.859
"NS.1871.002.IDT_i7_61---IDT_i5_61.107-Mesocosm-6-1-Exp1-TEST-Rhizo","107-Mesocosm-6-1-Exp1-TEST-Rhizo","Rhizosphere","Mesocosm_6","Carex","OSPW","D84","13-10-2021",13.1,"Rhizosphere.Carex.OSPW.D84",91.104,17.139,37.715,295.039,73.081,98.076,140.044,146.82,27.587,16.658,55.057,35.879,233.367,138.824,32.303,17.982
"NS.1871.002.IDT_i7_62---IDT_i5_62.98-Mesocosm-1-2-Exp1-TEST-Sed","98-Mesocosm-1-2-Exp1-TEST-Sed","Sediments","Mesocosm_1","No_plant","OSPW","D84","13-10-2021",51.6,"Sediments.No_plant.OSPW.D84",63.338,15.075,33.793,230.343,52.665,71.885,107.235,120.485,19.973,13.162,42.855,28.057,199.261,95.1,22.311,9.29
"NS.1871.002.IDT_i7_63---IDT_i5_63.108-Mesocosm-6-2-Exp1-TEST-Sed","108-Mesocosm-6-2-Exp1-TEST-Sed","Sediments","Mesocosm_6","Carex","OSPW","D84","13-10-2021",13.1,"Sediments.Carex.OSPW.D84",56.241,9.606,23.874,179.341,36.08,51.044,80.027,87.131,14.561,10.05,27.066,17.4,145.834,77.332,16.914,7.5
"NS.1871.002.IDT_i7_64---IDT_i5_64.114-Mesocosm-9-2-Exp1-TEST-Sed","114-Mesocosm-9-2-Exp1-TEST-Sed","Sediments","Mesocosm_9","No_plant","OSPW","D84","13-10-2021",61.7,"Sediments.No_plant.OSPW.D84",63.802,16.561,25.666,214.835,49.783,61.655,91.868,101.155,21.548,9.094,34.232,24.557,154.032,83.474,18.145,11.011
"NS.1871.002.IDT_i7_65---IDT_i5_65.73-Mesocosm-1-1-Exp1-D42-Sed","73-Mesocosm-1-1-Exp1-D42-Sed","Sediments","Mesocosm_1","No_plant","OSPW","D42","01-09-2021",64.9,"Sediments.No_plant.OSPW.D42",36.172,7.274,19.886,140.768,37.269,52.974,64.499,82.251,13.387,8.308,24.968,17.249,123.387,66.623,19.048,5.473
"NS.1871.002.IDT_i7_66---IDT_i5_66.81-Mesocosm-5-1-Exp1-D42-Sed","81-Mesocosm-5-1-Exp1-D42-Sed","Sediments","Mesocosm_5","No_plant","Artificial_OSPW","D42","01-09-2021",0.5,"Sediments.No_plant.Artificial_OSPW.D42",50.835,8.448,23.089,174.306,47.866,71.629,86.032,87.04,17.905,10.128,30.195,19.92,150.709,84.84,20.211,10.944
"NS.1871.002.IDT_i7_68---IDT_i5_68.2-Mesocosm-1-2-Exp1-D-0-Sed","2-Mesocosm-1-2-Exp1-D-0-Sed","Sediments","Mesocosm_1","No_plant","OSPW","D-0","14-07-2021",1.1,"Sediments.No_plant.OSPW.D-0",88.094,23.353,40.503,293.314,63.539,110.735,147.581,163.747,28.664,14.869,60.377,44.208,236.906,126.725,33.713,16.258
"NS.1871.002.IDT_i7_69---IDT_i5_69.9-Mesocosm-5-1-Exp1-D-0-Sed","9-Mesocosm-5-1-Exp1-D-0-Sed","Sediments","Mesocosm_5","No_plant","Artificial_OSPW","D-0","14-07-2021",0.9,"Sediments.No_plant.Artificial_OSPW.D-0",77.556,22.43,35.492,261.498,52.181,83.106,118.129,123.306,24.674,9.933,40.66,36.426,204.106,113.7,28.031,14.787
"NS.1871.002.IDT_i7_7---IDT_i5_7.83-Mesocosm-6-1-Exp1-D42-Rhizo","83-Mesocosm-6-1-Exp1-D42-Rhizo","Rhizosphere","Mesocosm_6","Carex","OSPW","D42","01-09-2021",43.5,"Rhizosphere.Carex.OSPW.D42",70.852,20.268,30.781,253.75,61.993,88.082,116.838,115.957,22.258,14.395,44.804,30.307,187.829,109.016,24.906,13.5
"NS.1871.002.IDT_i7_73---IDT_i5_73.109-Mesocosm-7-1-Exp1-TEST-Rhizo","109-Mesocosm-7-1-Exp1-TEST-Rhizo","Rhizosphere","Mesocosm_7","Carex","OSPW","D84","13-10-2021",10.2,"Rhizosphere.Carex.OSPW.D84",84.955,19.458,36.339,306.095,77.406,94.844,149.159,147.085,25.679,21.291,48.242,31.775,259.652,138.539,33.256,16.433
"NS.1871.002.IDT_i7_74---IDT_i5_74.100-Mesocosm-2-2-Exp1-TEST-Sed","100-Mesocosm-2-2-Exp1-TEST-Sed","Sediments","Mesocosm_2","Carex","OSPW","D84","13-10-2021",21.6,"Sediments.Carex.OSPW.D84",83.326,21.48,36.972,316.934,68.563,92.854,150.347,153.004,27.424,19.959,56.193,36.977,245.428,131.49,33.627,15.005
"NS.1871.002.IDT_i7_75---IDT_i5_75.108-Mesocosm-6-2-Exp1-TEST-Rhizo","108-Mesocosm-6-2-Exp1-TEST-Rhizo","Rhizosphere","Mesocosm_6","Carex","OSPW","D84","13-10-2021",13.1,"Rhizosphere.Carex.OSPW.D84",70.697,14.458,29.649,225.425,56.966,73.546,117.988,116.528,19.652,15.478,39.008,32.747,205.694,97.943,22.953,12.233
"NS.1871.002.IDT_i7_76---IDT_i5_76.115-Mesocosm-10-1-Exp1-TEST-Sed","115-Mesocosm-10-1-Exp1-TEST-Sed","Sediments","Mesocosm_10","No_plant","OSPW","D84","13-10-2021",65.4,"Sediments.No_plant.OSPW.D84",51.648,9.6,20.112,174.908,46.655,54.767,91.727,83.422,13.728,8.688,27.36,21.6,131.664,72.382,17.472,9.744
"NS.1871.002.IDT_i7_77---IDT_i5_77.74-Mesocosm-1-2-Exp1-D42-Sed","74-Mesocosm-1-2-Exp1-D42-Sed","Sediments","Mesocosm_1","No_plant","OSPW","D42","01-09-2021",64.9,"Sediments.No_plant.OSPW.D42",56.064,10.224,24.72,187.733,49.248,60.097,81.41,96.242,14.832,10.656,33.024,23.952,150.918,75.795,16.848,10.32
"NS.1871.002.IDT_i7_78---IDT_i5_78.82-Mesocosm-5-2-Exp1-D42-Sed","82-Mesocosm-5-2-Exp1-D42-Sed","Sediments","Mesocosm_5","No_plant","Artificial_OSPW","D42","01-09-2021",0.5,"Sediments.No_plant.Artificial_OSPW.D42",66.861,15.719,29.758,253.647,67.041,75.899,125.081,116.022,20.055,11.618,37.645,27.202,189.742,95.601,23.236,13.112
"NS.1871.002.IDT_i7_79---IDT_i5_79.90-Mesocosm-9-2-Exp1-D42-Sed","90-Mesocosm-9-2-Exp1-D42-Sed","Sediments","Mesocosm_9","No_plant","OSPW","D42","01-09-2021",67.2,"Sediments.No_plant.OSPW.D42",77.485,18.707,30.274,265.86,67.606,71.699,118.785,123.57,24.951,11.149,38.768,29.109,206.073,92.548,23.703,12.179
"NS.1871.002.IDT_i7_8---IDT_i5_8.92-Mesocosm-10-2-Exp1-D42-Sed","92-Mesocosm-10-2-Exp1-D42-Sed","Sediments","Mesocosm_10","No_plant","OSPW","D42","01-09-2021",62.1,"Sediments.No_plant.OSPW.D42",58.187,13.562,23.053,212.713,43.651,49.127,89.324,87.427,12.389,7.889,32.367,18.246,135.325,72.929,18.931,9.553
"NS.1871.002.IDT_i7_80---IDT_i5_80.3-Mesocosm-2-1-Exp1-D-0-Sed","3-Mesocosm-2-1-Exp1-D-0-Sed","Sediments","Mesocosm_2","Carex","OSPW","D-0","14-07-2021",0.7,"Sediments.Carex.OSPW.D-0",96.825,24.117,43.129,291.989,72.709,101.504,160.478,163.193,24.732,15.974,51.839,41.588,251.103,119.845,30.587,13.597
"NS.1871.002.IDT_i7_81---IDT_i5_81.10-Mesocosm-5-2-Exp1-D-0-Sed","10-Mesocosm-5-2-Exp1-D-0-Sed","Sediments","Mesocosm_5","No_plant","Artificial_OSPW","D-0","14-07-2021",0.9,"Sediments.No_plant.Artificial_OSPW.D-0",58.268,15.84,23.952,177.737,33.984,62.586,87.78,85.291,16.031,10.943,27.312,21.023,135.352,73.005,21.648,8.928
"NS.1871.002.IDT_i7_82---IDT_i5_82.16-Mesocosm-8-2-Exp1-D-0-Sed","16-Mesocosm-8-2-Exp1-D-0-Sed","Sediments","Mesocosm_8","No_plant","Artificial_OSPW","D-0","14-07-2021",1.9,"Sediments.No_plant.Artificial_OSPW.D-0",91.882,19.869,40.416,309.714,71.165,90.852,148.067,147.795,28.81,12.682,51.795,31.881,228.668,125.087,36.082,15.666
"NS.1871.002.IDT_i7_85---IDT_i5_85.119-Mesocosm-12-1-Exp1-TEST-Rhizo","119-Mesocosm-12-1-Exp1-TEST-Rhizo","Rhizosphere","Mesocosm_12","Carex","OSPW","D84","13-10-2021",23.4,"Rhizosphere.Carex.OSPW.D84",64.745,12.545,25.424,214.811,50.568,74.077,97.204,106.288,16.532,14.179,36.195,23.263,174.078,94.222,22.398,10.764
"NS.1871.002.IDT_i7_86---IDT_i5_86.100-Mesocosm-2-2-Exp1-TEST-Rhizo","100-Mesocosm-2-2-Exp1-TEST-Rhizo","Rhizosphere","Mesocosm_2","Carex","OSPW","D84","13-10-2021",21.6,"Rhizosphere.Carex.OSPW.D84",63.165,12.394,25.176,200.582,55.896,74.117,95.849,102.551,19.959,12.106,41.683,29.192,171.021,102.056,19.955,9.046
"NS.1871.002.IDT_i7_88---IDT_i5_88.116-Mesococm-10-2-Exp1-TEST-Sed","116-Mesococm-10-2-Exp1-TEST-Sed","Sediments","Mesocosm_10","No_plant","OSPW","D84","13-10-2021",65.4,"Sediments.No_plant.OSPW.D84",98.977,21.456,41.241,308.534,77.937,107.044,143.389,171.258,33.607,13.224,59.864,39.629,260.633,153.887,37.411,16.338
"NS.1871.002.IDT_i7_89---IDT_i5_89.75-Mesocosm-2-1-Exp1-D42-Sed","75-Mesocosm-2-1-Exp1-D42-Sed","Sediments","Mesocosm_2","Carex","OSPW","D42","01-09-2021",40.6,"Sediments.Carex.OSPW.D42",71.453,17.345,31.741,237.346,49.077,73.211,107.883,123.267,22.686,10.998,40.21,32.548,187.911,84.63,24.006,12.004
"NS.1871.002.IDT_i7_9---IDT_i5_9.4-Mesocosm-2-2-Exp1-D-0-Sed","4-Mesocosm-2-2-Exp1-D-0-Sed","Sediments","Mesocosm_2","Carex","OSPW","D-0","14-07-2021",0.7,"Sediments.Carex.OSPW.D-0",44.03,14.572,20.997,178.633,34.227,51.924,79.425,80.947,16.863,6.682,30.611,23.099,127.005,67.268,15.534,8.847
"NS.1871.002.IDT_i7_90---IDT_i5_90.83-Mesocosm-6-1-Exp1-D42-Sed","83-Mesocosm-6-1-Exp1-D42-Sed","Sediments","Mesocosm_6","Carex","OSPW","D42","01-09-2021",43.5,"Sediments.Carex.OSPW.D42",46.161,12.123,21.157,185.186,47.053,52.111,76.298,85.512,17.304,11.302,26.206,21.917,132.59,74.1,19.264,6.756
"NS.1871.002.IDT_i7_91---IDT_i5_91.91-Mesocosm-10-1-Exp1-D42-Sed","91-Mesocosm-10-1-Exp1-D42-Sed","Sediments","Mesocosm_10","No_plant","OSPW","D42","01-09-2021",62.1,"Sediments.No_plant.OSPW.D42",61.562,15.28,27.599,207.759,51.108,58.397,102.959,84.775,15.964,12.375,27.095,24.933,153.623,75.108,16.335,8.045
"NS.1871.002.IDT_i7_92---IDT_i5_92.3-4-Mesocosm-2-1-2-2-Exp1-D-0-Rhizo","3-4-Mesocosm-2-1-2-2-Exp1-D-0-Rhizo","Rhizosphere","Mesocosm_2","Carex","OSPW","D-0","14-07-2021",0.7,"Rhizosphere.Carex.OSPW.D-0",76.049,21.557,31.639,277.911,63.397,88.798,124.829,149.04,24.006,16.134,58.08,35.898,216.331,128.115,24.379,13.253
"NS.1871.002.IDT_i7_93---IDT_i5_93.11-Mesocosm-6-1-Exp1-D-0-Sed","11-Mesocosm-6-1-Exp1-D-0-Sed","Sediments","Mesocosm_6","Carex","OSPW","D-0","14-07-2021",1,"Sediments.Carex.OSPW.D-0",72.066,17.887,31.236,251.497,52.481,68.7,116.574,124.021,23.472,11.073,45.043,30.847,186.413,93.641,22.523,11.308
"NS.1871.002.IDT_i7_94---IDT_i5_94.17-Mesocosm-9-1-Exp1-D-0-Sed","17-Mesocosm-9-1-Exp1-D-0-Sed","Sediments","Mesocosm_9","No_plant","OSPW","D-0","14-07-2021",1,"Sediments.No_plant.OSPW.D-0",102.32,24.205,50.094,365.99,81.524,103.684,184.56,178.887,36.026,15.792,48.894,44.447,282.172,145.831,31.938,17.913
"NS.1871.002.IDT_i7_97---IDT_i5_97.22-Mesocosm-11-2-Exp1-D-0-Sed","22-Mesocosm-11-2-Exp1-D-0-Sed","Sediments","Mesocosm_11","No_plant","Artificial_OSPW","D-0","14-07-2021",1.1,"Sediments.No_plant.Artificial_OSPW.D-0",71.185,22.263,31.922,244.957,53.005,77.995,120.424,128.522,21.03,10.66,42.907,36.653,192.243,105.18,24.577,12.212
"NS.1871.002.IDT_i7_98---IDT_i5_98.28-Mesocosm-2-2-Exp1-D8-Sed","28-Mesocosm-2-2-Exp1-D8-Sed","Sediments","Mesocosm_2","Carex","OSPW","D8","29-07-2021",74.8,"Sediments.Carex.OSPW.D8",93.469,25.716,46.182,323.237,73.959,115.306,161.292,174.389,29.337,17.337,55.099,42.663,259.981,143.257,34.448,17.155
"NS.1871.002.IDT_i7_99---IDT_i5_99.35-Mesocosm-6-1-Exp1-D8-Sed","35-Mesocosm-6-1-Exp1-D8-Sed","Sediments","Mesocosm_6","Carex","OSPW","D8","29-07-2021",68.3,"Sediments.Carex.OSPW.D8",68.759,19.303,29.217,284.786,58.033,85.161,139.698,136.67,25.373,13.311,49.109,31.496,212.869,104.111,23.722,10.723
